row,values
geometric-mean,0.47416858893992114
kurtosis,0.38197810844657587
max,0.7660713229490442
mean,0.5332116911263907
median,0.62901576595941
min,0.13069906857072167
skewness,-1.3162607361829046
standard-deviation,0.19514841389928286
variance,0.038082903447405815
