row,values
geometric-mean,0.5222461541191123
kurtosis,6.098985848857536
max,0.7307652089344785
mean,0.5554373683631824
median,0.5869921854575486
min,0.08775062656641608
skewness,-2.3422608697906413
standard-deviation,0.1369818071269052
variance,0.01876401548375265
