row,values
geometric-mean,0.48993145884496614
kurtosis,2.143685395324216
max,0.7910682845674815
mean,0.5363302676455068
median,0.537840703833404
min,0.08775062656641608
skewness,-1.2274243963195242
standard-deviation,0.1700481340425029
variance,0.028916367891337037
