row,values
geometric-mean,0.7846131064964373
kurtosis,-0.3976252524996733
max,0.8441758052656841
mean,0.785135013093932
median,0.7862985920029363
min,0.7275376692515729
skewness,0.009480068609847967
standard-deviation,0.029101042828120673
variance,8.468706936841136E-4
