row,values
geometric-mean,0.7854210518059466
kurtosis,-0.3874283666603575
max,0.8375630169049575
mean,0.7859910613053636
median,0.787144239975465
min,0.7244413266718606
skewness,-0.41239827129475737
standard-deviation,0.030274526361562887
variance,9.165469464169662E-4
