row,values
geometric-mean,0.7588336125012946
kurtosis,-0.1441583996324196
max,0.8495719412164284
mean,0.7600703959590349
median,0.7588179810909108
min,0.6780578694826399
skewness,-0.13134729061357703
standard-deviation,0.043919629117785505
variance,0.0019289338218438327
