row,values
geometric-mean,0.707959954946196
kurtosis,3.0322320293940384
max,0.8091746250956708
mean,0.7109413442251337
median,0.725958716891243
min,0.49678577247877526
skewness,-1.191208341233144
standard-deviation,0.06342726821937811
variance,0.0040230183537729326
