row,values
geometric-mean,0.7935332568976091
kurtosis,-0.26458000471310505
max,0.8449142113161495
mean,0.7941205198790279
median,0.786931595950112
min,0.7222377597102387
skewness,-0.3202114959758222
standard-deviation,0.030918312889684784
variance,9.559420719444483E-4
