row,values
geometric-mean,0.7743195859189385
kurtosis,0.4903607812174773
max,0.8275156577405678
mean,0.7749795207718868
median,0.780729270620734
min,0.698934623746286
skewness,-0.6439659098173504
standard-deviation,0.03222364367787189
variance,0.001038363211878453
