row,values
geometric-mean,0.7533704435511391
kurtosis,4.687391092398254
max,0.8277696776601344
mean,0.7555749498097158
median,0.7639701970042455
min,0.5553965486807683
skewness,-1.726346530728143
standard-deviation,0.05596774685411934
variance,0.0031323886879267857
