row,values
geometric-mean,0.7533786296308376
kurtosis,0.003815067783799808
max,0.8322291557231184
mean,0.754898446201745
median,0.7578170468191523
min,0.6339666987992348
skewness,-0.6205970333386749
standard-deviation,0.048018542745411695
variance,0.00230578044739293
