row,values
geometric-mean,0.7764065444768189
kurtosis,0.644820604652562
max,0.846246342166506
mean,0.7770990280770979
median,0.7784055060773369
min,0.6910152295617127
skewness,-0.45834722012754964
standard-deviation,0.03312351768668586
variance,0.0010971674239401907
