row,values
geometric-mean,0.5242165626662088
kurtosis,0.312606165967078
max,0.8079466094113437
mean,0.5862775319292146
median,0.6480091634077141
min,0.16203703703703698
skewness,-1.3306564486445882
standard-deviation,0.21193176539773126
variance,0.044915073184599
