row,values
1,0.2964683778
2,1.1427148517333334
3,1.7363349668666668
4,2.2927014023
5,2.8451587448666666
6,3.3993796396000002
7,3.9577815294
8,4.522906912833333
9,5.094291251433334
10,5.663588460033334
11,6.2344676002
12,6.803236142933334
13,7.3694779512
14,7.932194283966667
15,8.4953779762
16,9.055315721333335
17,9.610474319433333
18,10.1670713022
19,10.724513466666668
20,11.279227850366667
21,11.832989905833333
22,12.386552379066668
23,12.9388904863
24,13.490825216300001
25,14.0427837568
26,14.594959905333335
27,15.146800110800001
28,15.7007290358
29,16.25681814136667
30,16.812279271933335
31,17.3669020436
32,17.922822723266666
33,18.4766465054
34,19.028704867933335
35,19.58045430716667
36,20.131672581633335
37,20.68376564536667
38,21.235347165466667
39,21.787744242966667
40,22.338964951166666
41,22.888573957000002
42,23.436355810600002
43,23.982433182
44,24.527596092166668
45,25.073391587600003
46,25.618965438533333
47,26.165229034800003
48,26.711661427233334
49,27.257708954333335
50,27.803277002633333
51,28.349055292533336
52,28.893859472233334
53,29.43838668136667
54,29.983622943833335
55,30.529887859533336
56,31.079139384133335
57,31.6227893749
58,32.168079276300006
59,32.710095371966666
60,33.25515566603333
61,33.79921317993333
62,34.34204453186667
63,34.8854006531
64,35.42828139626667
65,35.97029543876667
66,36.51360660856667
67,37.056237565400004
68,37.6004048762
69,38.14373626726667
70,38.68457048606667
71,39.2253864922
72,39.769384030766666
73,40.314625193733335
74,40.860690634133334
75,41.40785970186667
76,41.95212261066667
77,42.4958476364
78,43.0406909252
79,43.58408000233334
80,44.12740162073334
81,44.67118732906667
82,45.215275685
83,45.75911659613334
84,46.30338836646667
85,46.8468015559
86,47.39514470903334
87,47.94400177723334
88,48.49263337496667
89,49.04143148013333
90,49.590026934933334
91,50.1375125217
92,50.68568378603334
93,51.233978960133335
94,51.782887489000004
95,52.33207235923334
96,52.8815900767
97,53.43147234826667
98,53.98097278433334
99,54.52846255393334
100,55.07389101183334
101,55.618483276666666
102,56.16546120086667
103,56.710939762
104,57.2554051316
105,57.79894830996667
106,58.34221797286667
107,58.88680978793334
108,59.43189804073334
109,59.9764618032
110,60.52104758823334
111,61.06550017283334
112,61.609700941700005
113,62.15465891126667
