row,values
geometric-mean,0.8370949256413595
kurtosis,-0.35658184805389315
max,0.9073301056787798
mean,0.8382944699876349
median,0.8445253971007074
min,0.7373806744839217
skewness,-0.6171990024809347
standard-deviation,0.04508231427794157
variance,0.0020324150606550943
