row,values
geometric-mean,0.8783427898609513
kurtosis,-0.7534096178424363
max,0.9208924051807249
mean,0.8787942577711816
median,0.8755875026352533
min,0.8165371477312026
skewness,-0.3126573380002772
standard-deviation,0.028548056058270058
variance,8.149915047061297E-4
