row,values
geometric-mean,0.8826774077216606
kurtosis,-0.879299833281439
max,0.9208052764703426
mean,0.8830505540819035
median,0.8782591341982299
min,0.8285789479186609
skewness,-0.17371375857107438
standard-deviation,0.026059856642031524
variance,6.791161282032345E-4
