row,values
geometric-mean,0.8700405993161637
kurtosis,-0.2351324445001013
max,0.9126604785619147
mean,0.8706967061573102
median,0.8776185354242774
min,0.7914368160017805
skewness,-0.7102949680407649
standard-deviation,0.03405846951646307
variance,0.001159979345803844
