row,values
geometric-mean,0.0
kurtosis,0.24420045559989445
max,0.7309371481096334
mean,0.3319590683112847
median,0.35030963599133214
min,0.0
skewness,-0.1696092049457085
standard-deviation,0.1652680325103069
variance,0.02731352256982785
