row,values
geometric-mean,0.4958882137958152
kurtosis,0.10884857338149478
max,0.6311313475848568
mean,0.504642437844582
median,0.5263673598886838
min,0.2716337148361595
skewness,-0.8712801534618009
standard-deviation,0.08924949851333024
variance,0.007965472984880935
