row,values
geometric-mean,0.5993674090051873
kurtosis,-0.09173652225908002
max,0.6761775454394937
mean,0.6009427330842723
median,0.6085581207944548
min,0.49651023350101625
skewness,-0.5429707680153221
standard-deviation,0.04359378859191082
variance,0.001900418403796214
