row,values
geometric-mean,0.5917230285208432
kurtosis,-0.8044612977905619
max,0.6793908737519122
mean,0.5934536901179186
median,0.59208745263314
min,0.5123463814606236
skewness,-0.17305556527972574
standard-deviation,0.045797760833753545
variance,0.0020974348973856905
