row,values
geometric-mean,0.432037428033426
kurtosis,0.6901662369857253
max,0.5996502753233328
mean,0.4482777773211333
median,0.46653766199211466
min,0.1594242360548389
skewness,-1.03534200156027
standard-deviation,0.10766965429294975
variance,0.011592754455563313
