row,values
geometric-mean,0.5340493808910309
kurtosis,-0.22136295233005132
max,0.5891105932503761
mean,0.5349860402618078
median,0.5433064569188608
min,0.46527722102511876
skewness,-0.5934024581667566
standard-deviation,0.03179158902950186
variance,0.001010705133020743
