row,values
geometric-mean,0.5344302646185293
kurtosis,1.8789408223964492
max,0.6114704374891222
mean,0.5379421572363455
median,0.552076816908262
min,0.3601700523213505
skewness,-1.2382809114675208
standard-deviation,0.05922318642548539
variance,0.003507385810387797
