row,values
geometric-mean,0.5437917214786178
kurtosis,0.7559991855328101
max,0.5900723860604496
mean,0.5449978845663781
median,0.5504881971909479
min,0.45021619167839655
skewness,-1.0446197284970624
standard-deviation,0.03599164248047448
variance,0.001295398328442295
