row,values
geometric-mean,0.5620824595275887
kurtosis,-0.49734480320977204
max,0.6138258228613088
mean,0.5625054305306302
median,0.5629052698897281
min,0.5282359170661713
skewness,0.266812085959354
standard-deviation,0.022244501372869464
variance,4.948178413275915E-4
