row,values
geometric-mean,0.6684445779993288
kurtosis,11.273841395015852
max,0.8209231898565232
mean,0.6875658080302525
median,0.7011524024024024
min,0.16203703703703698
skewness,-2.7843863372305075
standard-deviation,0.1226698459069583
variance,0.015047891094836893
