row,values
geometric-mean,0.5367722607015857
kurtosis,0.39698767690718295
max,0.8209231898565232
mean,0.6020633343263899
median,0.671792328042328
min,0.16203703703703698
skewness,-1.3812054206862425
standard-deviation,0.21821713114487326
variance,0.04761871632509882
