row,values
geometric-mean,0.5779594482350625
kurtosis,2.36608236004833
max,0.8193193193193193
mean,0.6212644424285396
median,0.6598056389723055
min,0.16203703703703698
skewness,-1.6184236313808935
standard-deviation,0.17972954783653464
variance,0.03230271036552519
