row,values
geometric-mean,0.5435472898288204
kurtosis,1.006939424628754
max,0.7961711711711712
mean,0.5982431103325547
median,0.6716091091091091
min,0.16203703703703698
skewness,-1.494171981310022
standard-deviation,0.19919611384069635
variance,0.03967909176923566
