row,values
geometric-mean,0.84399544559365
kurtosis,-0.35547550717131404
max,0.9175520301620234
mean,0.8454128593458438
median,0.8513741149758438
min,0.7400157947062705
skewness,-0.6018902604322918
standard-deviation,0.04917385564495189
variance,0.0024180680789905673
