row,values
geometric-mean,0.8756272443562226
kurtosis,-0.3196520095298787
max,0.918561797578001
mean,0.8762948599788464
median,0.8827594251728871
min,0.7970829770827407
skewness,-0.6783909770912406
standard-deviation,0.03447830110393435
variance,0.0011887532470135607
