row,values
geometric-mean,0.843434089746981
kurtosis,1.7350127485326872
max,0.917881191130662
mean,0.8461307793286588
median,0.862644276705934
min,0.6436371213900973
skewness,-1.328521738554254
standard-deviation,0.06617610543959512
variance,0.004379276931152411
