row,values
geometric-mean,0.0
kurtosis,0.3544404082286077
max,0.7378558092733971
mean,0.34079260918559173
median,0.3583728404330256
min,0.0
skewness,-0.21114918976171415
standard-deviation,0.16376330576833395
variance,0.026818420316172837
