row,values
geometric-mean,0.8911631319584088
kurtosis,-0.7662471575560357
max,0.9229621379626572
mean,0.8916084904253689
median,0.9018074568039767
min,0.8284190876169334
skewness,-0.7785709827448251
standard-deviation,0.02843203753100597
variance,8.083807581645321E-4
