row,values
geometric-mean,0.8478468132658984
kurtosis,0.856003544284206
max,0.9182748384182154
mean,0.8494111880455663
median,0.8622689771967011
min,0.7114153905619796
skewness,-0.998841996898771
standard-deviation,0.051328831773165585
variance,0.0026346489711979327
