row,values
geometric-mean,0.8896764225452566
kurtosis,-0.9917016471808826
max,0.9231876526875105
mean,0.8899865559211553
median,0.8825062496955525
min,0.8380162833779138
skewness,-0.1631670241924708
standard-deviation,0.02385828597718482
variance,5.692178097691338E-4
