row,values
geometric-mean,0.8326903281153168
kurtosis,-0.4596194439404564
max,0.915834141802512
mean,0.8343439097750822
median,0.8350258258204212
min,0.7248091899168901
skewness,-0.37758148360523835
standard-deviation,0.05293109565733459
variance,0.0028017008874859045
