row,values
geometric-mean,0.8880013783190889
kurtosis,-0.8811500256966784
max,0.9261562713034274
mean,0.8883874786058988
median,0.8839823658715222
min,0.8326539439301623
skewness,-0.1968087309177004
standard-deviation,0.026581786411551768
variance,7.065913688293581E-4
