row,values
geometric-mean,0.8426851408067039
kurtosis,-0.30637904047312814
max,0.9135915850248078
mean,0.8438797618887037
median,0.8487741815808898
min,0.7429255238055783
skewness,-0.6255827755990959
standard-deviation,0.045135047265959814
variance,0.0020371724917004268
