row,values
geometric-mean,0.8159948358820048
kurtosis,10.04716059327327
max,0.9121190644932672
mean,0.8482400188991259
median,0.9107016300496102
min,0.24096385542168686
skewness,-3.252718847372585
standard-deviation,0.17142479284947368
variance,0.02938645960348496
