row,values
geometric-mean,0.7079568396182285
kurtosis,1.2802801372650845
max,0.9121190644932672
mean,0.7735517232328005
median,0.9107016300496102
min,0.24096385542168686
skewness,-1.7191257038389585
standard-deviation,0.2475853165747764
variance,0.061298488983432244
