row,values
geometric-mean,0.8956155676175207
kurtosis,5.999495269129735
max,0.9121190644932672
mean,0.8965981573352233
median,0.9107016300496102
min,0.7767540751240255
skewness,-2.7345179445228376
standard-deviation,0.04096773242287671
variance,0.0016783550998724238
