row,values
geometric-mean,0.920357448162954
kurtosis,1.639671963542924
max,0.9345617765178361
mean,0.9208599102291519
median,0.9345617765178361
min,0.8542404913772739
skewness,-1.8765280035538912
standard-deviation,0.03033213780988939
variance,9.200385841181216E-4
