row,values
geometric-mean,0.9258878576645724
kurtosis,6.251120178947128
max,0.9345617765178361
mean,0.9262146625718561
median,0.9345617765178361
min,0.8542404913772739
skewness,-2.7939607905057398
standard-deviation,0.02443859730097445
variance,5.972450380391956E-4
