row,values
geometric-mean,0.9141454336445637
kurtosis,-0.32881239809689466
max,0.9345617765178361
mean,0.9147833162716225
median,0.9345617765178361
min,0.8542404913772739
skewness,-1.2843136152381043
standard-deviation,0.0342142517309129
variance,0.0011706150215062762
