row,values
geometric-mean,0.9319568804200165
kurtosis,-1.7840054682159758
max,0.9345617765178361
mean,0.931963146704465
median,0.9345617765178361
min,0.9274746042995512
skewness,-0.582932728000841
standard-deviation,0.0034736535638097954
variance,1.2066269081368494E-5
