row,values
geometric-mean,0.9289011851436768
kurtosis,12.192892857954794
max,0.9345617765178361
mean,0.929128277817151
median,0.9345617765178361
min,0.8542404913772739
skewness,-3.6572152788855528
standard-deviation,0.020361315027105854
variance,4.145831496330467E-4
