row,values
geometric-mean,0.9300606543972592
kurtosis,27.24310339252393
max,0.9345617765178361
mean,0.930178229256897
median,0.9345617765178361
min,0.8542404913772739
skewness,-5.1197986030512315
standard-deviation,0.014655963497173985
variance,2.147972660304963E-4
