row,values
geometric-mean,0.8882745843381181
kurtosis,1.9810689013433316
max,0.9121190644932672
mean,0.8896396041683072
median,0.9107016300496102
min,0.7767540751240255
skewness,-1.9423642709860092
standard-deviation,0.04841111278815028
variance,0.0023436358413870075
