row,values
geometric-mean,0.9231191051882103
kurtosis,3.375386563505263
max,0.9345617765178361
mean,0.923537286400504
median,0.9345617765178361
min,0.8542404913772739
skewness,-2.2686161806025
standard-deviation,0.027656873857882805
variance,7.649026715908412E-4
