row,values
geometric-mean,0.9337260851032868
kurtosis,29.270410444649904
max,0.9345617765178361
mean,0.9337349397590362
median,0.9345617765178361
min,0.9121190644932673
skewness,-5.386790331277891
standard-deviation,0.004105280209061213
variance,1.685332559490968E-5
