row,values
geometric-mean,0.5753006710319751
kurtosis,0.2712475214438439
max,0.6514647123165922
mean,0.5764250421257551
median,0.582904259254744
min,0.4827696778789412
skewness,-0.4502859621625487
standard-deviation,0.036208766927349
variance,0.0013110748023990827
