row,values
geometric-mean,0.5823968980873045
kurtosis,-0.8430134350640719
max,0.6664326844886551
mean,0.5839303320318063
median,0.5709489746553833
min,0.5034096243696506
skewness,0.08000178500101975
standard-deviation,0.04302942124622231
variance,0.0018515310927848482
