row,values
geometric-mean,0.4284356662724996
kurtosis,2.240605454678899
max,0.7769777785301425
mean,0.506126307060742
median,0.506652188293806
min,0.021497878775150192
skewness,-1.2779849840608828
standard-deviation,0.18243761664983305
variance,0.03328348396887144
