row,values
geometric-mean,0.778512930380534
kurtosis,-0.26467280065940857
max,0.833739430731057
mean,0.779203403739047
median,0.7714573543152041
min,0.7020650830411501
skewness,-0.3167289473241654
standard-deviation,0.033193188081649116
variance,0.001101787735023733
