row,values
geometric-mean,0.7578719897333603
kurtosis,0.4844366913853384
max,0.8149888619340165
mean,0.7586486125299523
median,0.7648045807775472
min,0.6772629880007434
skewness,-0.6419450195290671
standard-deviation,0.03455213418180113
variance,0.00119384997651719
