row,values
geometric-mean,0.7351960002049243
kurtosis,4.687391092398183
max,0.8152613302276316
mean,0.7378234098517622
median,0.7468283677363979
min,0.5231069125514392
skewness,-1.72634653072813
standard-deviation,0.060032443553021855
variance,0.0036038942789467553
