row,values
geometric-mean,0.7411899784079206
kurtosis,-0.14445272865446102
max,0.8386469983997445
mean,0.7426482886875604
median,0.7413019685444411
min,0.6546765974338927
skewness,-0.13113458817789303
standard-deviation,0.047113440805119616
variance,0.0022196763044975104
