row,values
geometric-mean,0.769781655460548
kurtosis,-0.386858457295578
max,0.8257659175740326
mean,0.7704514604556896
median,0.7716854417613931
min,0.7044286855921635
skewness,-0.4126903598079794
standard-deviation,0.03247206889691151
variance,0.001054435258445768
