row,values
geometric-mean,0.5850807342109957
kurtosis,-0.4643136977660851
max,0.6998032649132951
mean,0.5870701269599298
median,0.5933974642680937
min,0.4987008823221554
skewness,-0.0011714253304749252
standard-deviation,0.048999707503371806
variance,0.002400971335415991
