row,values
geometric-mean,0.6149756032798445
kurtosis,-0.9481176664961306
max,0.6909787441106668
mean,0.6168816501994886
median,0.6231613161474241
min,0.5208814450010376
skewness,-0.2857542054238021
standard-deviation,0.04886230454350419
variance,0.0023875248053021503
