row,values
geometric-mean,0.5910762011371745
kurtosis,0.1680025010295645
max,0.7114195525605174
mean,0.5929548602873324
median,0.5867151132812944
min,0.4896228603971234
skewness,0.19478306853189434
standard-deviation,0.04806016091667374
variance,0.0023097790673365743
