row,values
geometric-mean,0.5880730607008576
kurtosis,0.42808771790499645
max,0.7067255154386001
mean,0.589788608653433
median,0.5880128053864778
min,0.511298690513867
skewness,0.564406025757713
standard-deviation,0.04622377239117441
variance,0.002136637134071098
