row,values
geometric-mean,0.5931448674596196
kurtosis,0.7879446573966624
max,0.6639312217593378
mean,0.5943173271690275
median,0.5936762281917046
min,0.4908246822770029
skewness,-0.5217524688921823
standard-deviation,0.03747237065560135
variance,0.0014041785625507732
