row,values
geometric-mean,0.607478963527395
kurtosis,-0.5074256738347227
max,0.6750459475822257
mean,0.6081778975855154
median,0.6043024992382691
min,0.5600641756351427
skewness,0.5280207083928508
standard-deviation,0.029866071795998744
variance,8.919822445237517E-4
