row,values
0,0.4761598516968151
1,0.4979519734877688
2,0.30956208731174095
3,0.4111746448624999
4,0.0
5,0.0
6,0.42275302028440037
7,0.4162693096697683
8,0.0
9,0.4404401471081307
10,0.0
11,0.45066329415719053
12,0.0
13,0.0
14,0.26352000984865326
15,0.5540282045379683
16,0.0
17,0.0
18,0.0
19,0.5944076659008547
20,0.0
21,0.3848955302407543
22,0.4814559600648977
23,0.48876343627852264
24,0.39131776710512794
25,0.0
26,0.0
27,0.22828772453390558
28,0.4238335787018617
29,0.0
