row,values
geometric-mean,0.521238637019374
kurtosis,-1.0589823370505025
max,0.5982793087904658
mean,0.5233826340296467
median,0.5186444771756089
min,0.43008822383500606
skewness,-0.15473841854230516
standard-deviation,0.04782991652783035
variance,0.002287700915059219
