row,values
geometric-mean,0.0
kurtosis,-1.345824853451713
max,0.6136310679400436
mean,0.3234813893592809
median,0.4165904766671362
min,0.0
skewness,-0.6479132443505908
standard-deviation,0.22514117603491537
variance,0.05068854914638476
