row,values
geometric-mean,0.563178998841867
kurtosis,-0.8842941202607602
max,0.6312682003560696
mean,0.5648201409261652
median,0.5651982893779803
min,0.474038825798743
skewness,-0.02672517095865922
standard-deviation,0.04366320750752149
variance,0.001906475689844881
