row,values
geometric-mean,0.0
kurtosis,0.6793944771398066
max,0.6682878461386917
mean,0.45462257735491335
median,0.5452813276699335
min,0.0
skewness,-1.457165218572766
standard-deviation,0.21251343655876082
variance,0.045161960718014454
