row,values
geometric-mean,0.0
kurtosis,-1.8319926232377866
max,0.5944076659008547
mean,0.24118280685969537
median,0.28654104858019713
min,0.0
skewness,-0.008352511878777244
standard-deviation,0.22568003359221317
variance,0.05093147756218247
