row,values
geometric-mean,0.5930929581444057
kurtosis,-1.071812092818809
max,0.6728763061653459
mean,0.5946902246124304
median,0.5852021952326807
min,0.5163038345943325
skewness,0.1396502906269991
standard-deviation,0.04439166199877453
variance,0.001970619655013442
