row,values
geometric-mean,0.6160707597173948
kurtosis,-0.9481176664961222
max,0.6922092479156754
mean,0.6179802009498266
median,0.6242710498073798
min,0.521809037355354
skewness,-0.2857542054238016
standard-deviation,0.04894931916178982
variance,0.0023960358464027646
