row,values
geometric-mean,0.5780653804857799
kurtosis,-0.8204336564703301
max,0.6350947083943927
mean,0.578784016315667
median,0.5734152399853811
min,0.5257223791510333
skewness,0.174709272358259
standard-deviation,0.02938690267953119
variance,8.635900490962375E-4
