row,values
geometric-mean,0.0
kurtosis,0.6793944771398102
max,0.6694779417017226
mean,0.45543217506836836
median,0.5462523716480826
min,0.0
skewness,-1.4571652185727662
standard-deviation,0.2128918832107451
variance,0.045322953937017525
