row,values
geometric-mean,0.5942011474429784
kurtosis,0.7879446573966207
max,0.6651135589898273
mean,0.5953756950836664
median,0.5947334544290661
min,0.49169874916296985
skewness,-0.5217524688921857
standard-deviation,0.03753910193361455
variance,0.0014091841739823038
