row,values
geometric-mean,0.5941491456869904
kurtosis,-1.0718120928188082
max,0.6740745729168107
mean,0.5957492565876165
median,0.5862443308035226
min,0.5172232750813573
skewness,0.13965029062699894
standard-deviation,0.04447071523950852
variance,0.0019776445139134554
