row,values
geometric-mean,0.6085607698527766
kurtosis,-0.5074256738347658
max,0.6762480780589369
mean,0.6092609485816273
median,0.6053786488753266
min,0.5610615450984467
skewness,0.5280207083928423
standard-deviation,0.02991925767949923
variance,8.951619800922735E-4
